{
  "project_info": {
    "project_number": "404699321569",
    "firebase_url": "https://firsttry-f0ed6.firebaseio.com",
    "project_id": "firsttry-f0ed6",
    "storage_bucket": "firsttry-f0ed6.appspot.com"
  },
  "client": [
    {
      "client_info": {
        "mobilesdk_app_id": "1:404699321569:android:6f77cb4d6311b9a904d3a0",
        "android_client_info": {
          "package_name": "com.example.sarah.firsttry"
        }
      },
      "oauth_client": [
        {
          "client_id": "404699321569-6q48fifubaqnj1beg1og0pp9qgk5d1r5.apps.googleusercontent.com",
          "client_type": 1,
          "android_info": {
            "package_name": "com.example.sarah.firsttry",
            "certificate_hash": "a91753022bb11a429cb631229f2acea0f2f6a0eb"
          }
        },
        {
          "client_id": "404699321569-91bjdvo90t3hrj6abeessfmln74pgg52.apps.googleusercontent.com",
          "client_type": 3
        }
      ],
      "api_key": [
        {
          "current_key": "AIzaSyBIqSRG15LDx75_QlyAj3BIVTCAuaqt4wE"
        }
      ],
      "services": {
        "appinvite_service": {
          "other_platform_oauth_client": [
            {
              "client_id": "404699321569-91bjdvo90t3hrj6abeessfmln74pgg52.apps.googleusercontent.com",
              "client_type": 3
            }
          ]
        }
      }
    }
  ],
  "configuration_version": "1"
}